{"Algona": 207288.0, "Auburn": 299340.44276556815, "Beaux Arts Village": 745000.0, "Bellevue": 847180.6629953356, "Black Diamond": 339605.55555555556, "Bothell": 481441.8939393939, "Burien": 348947.2484985, "Carnation": 508751.95454545453, "Clyde Hill": 1321945.4545454546, "Covington": 296230.39867109305, "Des Moines": 304992.54679803445, "Duvall": 403994.12698411907, "Enumclaw": 307614.58333332144, "Fall City": 692681.8181818182, "Federal Way": 289887.70398969593, "Inglewood-Finn Hill": 425000.0, "Issaquah": 596163.7474747486, "Kenmore": 447494.0404040303, "Kent": 439492.44464821625, "Kirkland": 651583.5919080962, "Lake Forest Park": 448475.0, "Maple Valley": 336474.9118055521, "Medina": 2046559.0909090908, "Mercer Island": 1123817.6201550348, "Milton": 285000.0, "Newcastle": 666046.696969697, "Normandy Park": 506793.05555555556, "North Bend": 399565.70666666003, "Pacific": 225233.33333333334, "Preston": 562450.0, "Ravensdale": 514071.4285714286, "Redmond": 667649.5347812298, "Renton": 377040.9663290205, "Sammamish": 686917.5835323657, "SeaTac": 245290.62068965516, "Seattle": 579837.4672823235, "Shoreline": 420392.3640469756, "Skykomish": 233000.0, "Snoqualmie": 536305.2957746478, "Snoqualmie Pass": 525000.0, "Tukwila": 308290.0689655172, "Vashon": 472556.8965517241, "Woodinville": 609565.0217391305, "Yarrow Point": 1194837.5}